ID,Store ID,Total Price,Base Price,Units Sold,Customers Feedback
1,101,209.8,66.71,15,1
2,102,261.49,199.21,19,4
3,103,295.63,271.93,47,2
4,104,113.24,60.52,10,8
5,105,73.56,98.81,48,5
6,106,136.77,161.72,35,4
7,107,67.68,179.86,36,10
8,108,290.64,98.94,33,7
9,109,166.7,125.83,36,5
10,110,211.94,195.18,32,9
11,111,148.44,47.25,12,1
12,112,121.77,120.74,18,3
13,113,55.29,125.05,37,4
14,114,202.82,42.35,20,3
15,115,70.35,174.67,44,1
16,116,255.08,222.1,22,2
17,117,175.14,198.22,21,4
18,118,142.58,189.27,43,3
19,119,295.93,188.37,33,3
20,120,99.83,81.94,25,5
21,121,65.22,225.07,13,10
22,122,208.6,193.35,28,9
23,123,185.48,184.24,40,3
24,124,266.72,215.45,46,7
25,125,183.94,207.15,18,4
26,126,122.66,114.08,34,3
27,127,296.65,193.33,21,10
28,128,71.31,125.7,44,2
29,129,249.17,163.18,18,4
30,130,111.44,141.22,47,6
31,131,133.54,76.2,30,5
32,132,193.44,143.48,38,4
33,133,66.69,109.27,22,10
34,134,81.28,173.38,35,3
35,135,144.86,156.68,45,1
36,136,103.32,142.54,12,4
37,137,157.62,153.7,47,2
38,138,277.8,197.77,25,5
39,139,76.48,178.1,17,8
40,140,135.95,97.61,41,9
41,141,294.73,238.44,23,10
42,142,111.59,246.32,34,10
43,143,128.48,179.77,36,2
44,144,285.72,142.49,16,3
45,145,150.02,48.61,16,2
46,146,259.27,144.48,44,1
47,147,139.58,126.78,20,2
48,148,226.94,134.93,46,2
49,149,275.14,200.36,33,10
50,150,193.92,282.13,44,6
51,151,149.06,58.97,43,2
52,152,163.47,206.55,30,7
53,153,228.01,76.55,16,5
54,154,164.47,60.7,44,7
55,155,294.67,109.82,11,7
56,156,93.92,53.86,18,5
57,157,59.47,168.37,27,1
58,158,145.63,269.01,13,2
59,159,191.27,180.07,36,5
60,160,99.45,160.26,44,6
61,161,102.05,151.93,42,6
62,162,251.61,81.04,38,2
63,163,223.8,255.59,32,10
64,164,278.84,161.04,13,10
65,165,260.9,237.8,50,8
66,166,118.67,161.11,44,4
67,167,67.94,214.26,50,1
68,168,121.23,136.88,45,3
69,169,159.51,248.87,49,8
70,170,267.87,146.14,34,2
71,171,128.19,63.07,28,7
72,172,192.65,171.22,32,4
73,173,75.53,143.96,29,10
74,174,119.09,205.48,27,9
75,175,195.84,282.11,24,10
76,176,287.31,161.53,12,4
77,177,228.6,188.28,16,8
78,178,194.49,142.93,45,3
79,179,272.43,195.35,28,10
80,180,232.05,244.51,50,6
81,181,89.82,125.17,26,8
82,182,252.24,54.24,22,2
83,183,227.28,199.42,28,10
84,184,177.21,165.91,44,10
85,185,55.6,176.75,30,1
86,186,105.87,141.71,50,6
87,187,212.61,170.12,10,7
88,188,265.03,105.19,26,2
89,189,132.54,40.99,39,7
90,190,189.94,225.67,33,2
91,191,90.57,206.26,17,8
92,192,190.92,46.46,40,1
93,193,69.14,106.73,21,4
94,194,124.35,154.68,15,9
95,195,275.85,232.49,33,5
96,196,254.78,215.93,17,10
97,197,183.03,117.42,22,7
98,198,179.33,243.98,44,3
99,199,204.13,86.16,23,7
100,200,286.2,126.29,47,9
101,201,102.4,104.86,26,8
102,202,96.02,168.07,46,4
103,203,130.31,83.54,44,7
104,204,262.62,248.1,20,1
105,205,173.18,218.66,32,1
106,206,112.79,60.28,40,7
107,207,243.62,287.98,44,3
108,208,219.43,177.72,30,4
109,209,224.02,225.46,18,2
110,210,75.91,141.8,27,1
111,211,221.21,165.69,43,1
112,212,125.42,248.23,19,6
113,213,137.81,94.63,41,7
114,214,254.27,156.29,29,8
115,215,269.17,172.75,27,3
116,216,54.13,65.14,20,6
117,217,152.89,146.76,35,6
118,218,106.69,263.45,22,10
119,219,104.52,47.4,26,2
120,220,167.56,278.2,13,7
121,221,130.94,194.97,13,10
122,222,100.23,85.07,12,6
123,223,54.94,139.86,43,9
124,224,167.34,226.45,20,8
125,225,238.59,230.72,17,10
126,226,62.91,148.47,20,9
127,227,176.67,139.14,29,5
128,228,103.95,214.49,11,8
129,229,260.51,111.2,34,7
130,230,98.33,216.83,15,5
131,231,135.1,257.95,24,7
132,232,81.13,87.24,38,3
133,233,297.61,187.09,49,9
134,234,179.24,223.21,10,5
135,235,213.6,44.94,19,7
136,236,163.98,142.33,34,4
137,237,71.4,41.28,33,6
138,238,121.55,252.17,34,7
139,239,116.75,235.01,48,4
140,240,121.23,270.31,10,8
141,241,140.43,84.08,34,9
142,242,200.18,260.72,49,9
143,243,145.25,178.2,50,1
144,244,109.67,230.12,14,6
145,245,250.28,218.95,35,6
146,246,283.01,201.31,23,4
147,247,183.67,63.48,25,9
148,248,152.69,271.3,45,10
149,249,177.51,63.02,32,9
150,250,70.09,286.35,23,6
151,251,256.09,85.68,48,8
152,252,229.11,273.1,31,4
153,253,205.64,129.26,17,4
154,254,180.31,169.93,26,3
155,255,64.9,62.85,30,9
156,256,198.94,195.65,35,8
157,257,296.1,248.07,38,10
158,258,175.37,239.06,43,3
159,259,194.24,233.49,43,3
160,260,65.2,58.25,12,5
161,261,97.06,56.95,19,2
162,262,286.95,234.48,27,10
163,263,226.12,114.22,30,5
164,264,95.2,203.73,43,9
165,265,269.66,244.25,16,1
166,266,264.04,218.29,21,4
167,267,299.1,103.92,37,5
168,268,107.01,163.75,48,3
169,269,276.88,193.43,26,5
170,270,175.15,109.12,20,9
171,271,84.89,89.75,22,3
172,272,95.88,87.99,32,7
173,273,81.69,102.81,45,7
174,274,60.2,172.6,23,7
175,275,124.6,95.53,50,4
176,276,83,206.73,45,1
177,277,248.39,148.2,41,7
178,278,234.58,151.14,18,9
179,279,150.22,92.6,36,6
180,280,217.11,104.3,37,3
181,281,299.24,189.04,45,5
182,282,141.63,149.01,10,3
183,283,279.12,284.61,29,2
184,284,133.97,210.31,50,7
185,285,109.79,180.58,25,2
186,286,70.08,236.28,28,2
187,287,103.12,195.51,34,6
188,288,216.92,242.16,33,7
189,289,177.76,123.31,25,10
190,290,177.4,223.9,14,1
191,291,292.77,44.36,49,2
192,292,211.2,162.09,10,1
193,293,188.71,137.87,22,10
194,294,245.07,206.03,18,1
195,295,117.93,198.41,36,6
196,296,242.81,213.21,19,9
197,297,229.02,70.7,41,8
198,298,172.43,88.63,12,8
199,299,257.12,262.84,29,4
200,300,164.6,188.09,24,9
201,301,54.88,263.87,21,7
202,302,152.9,89.34,40,3
203,303,221.39,178.61,33,5
204,304,102.7,72.88,25,7
205,305,182.59,70.18,34,4
206,306,148.36,210.71,41,4
207,307,89.85,108.6,27,5
208,308,135.68,114.76,50,1
209,309,137.41,81.28,10,7
210,310,70.09,108.32,35,9
211,311,218.82,40.35,21,9
212,312,75.38,275.22,20,9
213,313,236.12,96.96,20,4
214,314,151.39,195.44,38,7
215,315,166.21,270.96,39,1
216,316,226.91,59.32,16,6
217,317,209.33,212.09,40,9
218,318,103.89,135.32,34,5
219,319,131.72,148.78,12,2
220,320,79.07,78.6,19,4
221,321,124.82,177.21,36,7
222,322,185.95,52.38,40,8
223,323,222.76,173.11,18,2
224,324,117.95,127.2,42,5
225,325,206.32,44.44,23,8
226,326,86.55,51.87,46,7
227,327,87.64,44.91,38,3
228,328,215.29,179.08,18,1
229,329,232.92,86.06,31,9
230,330,93.36,57.36,15,4
231,331,154.48,86.02,31,8
232,332,187.8,263.84,27,8
233,333,242,202.53,10,4
234,334,294.21,241.56,27,10
235,335,97.86,83.77,19,9
236,336,294.76,56.21,26,9
237,337,226.89,245.52,45,3
238,338,262.56,200.92,16,5
239,339,98.48,227.33,32,1
240,340,284.82,142.23,40,10
241,341,113.09,109.44,27,6
242,342,163.12,265.34,21,10
243,343,207.43,206.32,42,3
244,344,294.59,110.57,33,8
245,345,59.17,247.67,47,4
246,346,245.37,74.84,46,6
247,347,190.24,131.62,15,3
248,348,268.99,255.25,32,5
249,349,82.27,59.84,43,6
250,350,161.44,126.94,22,5
251,351,282.38,237.02,39,7
252,352,187.47,145.94,47,8
253,353,105.1,192.05,15,1
254,354,120.08,90.92,21,3
255,355,134.24,276.69,36,1
256,356,278.95,83.04,42,9
257,357,254.31,288.45,13,9
258,358,194.15,216.82,23,9
259,359,67.16,215.78,47,8
260,360,189.57,142.59,31,9
261,361,142.38,83.18,15,5
262,362,82.34,246.87,38,5
263,363,67.04,187.24,24,7
264,364,135.64,260.31,25,8
265,365,159.11,202.89,38,5
266,366,284.17,247.66,14,2
267,367,264.63,151.15,13,7
268,368,174.54,96.01,10,5
269,369,210.85,196.25,40,9
270,370,185.57,285.82,42,1
271,371,101.28,232.95,15,6
272,372,157.79,57.7,26,10
273,373,158.65,231.28,11,4
274,374,93.12,266.65,39,5
275,375,227.86,41.07,50,5
276,376,158.35,83.7,33,5
277,377,262.76,249.86,46,6
278,378,126.76,204.24,11,1
279,379,83.16,281.78,13,9
280,380,185.65,263.23,50,5
281,381,272.58,71.92,26,5
282,382,94.06,264,11,3
283,383,52.41,51.07,43,5
284,384,285.6,105.15,21,2
285,385,128.56,174.84,27,3
286,386,283.84,204.22,22,6
287,387,297.51,103.19,36,6
288,388,245.73,287.58,12,6
289,389,143.17,143.22,21,6
290,390,189.58,60.75,26,10
291,391,217.52,190.91,42,9
292,392,116.77,80.86,10,1
293,393,255.31,169.55,27,1
294,394,142.47,69.75,10,9
295,395,181.8,268.08,41,2
296,396,130.92,139.39,39,1
297,397,201.2,267.82,46,9
298,398,265.27,156.23,12,2
299,399,298.26,214.47,47,7
300,400,184.57,62.03,37,6
301,401,186.81,71.33,25,4
302,402,100.81,222.79,15,8
303,403,237.98,209.31,35,2
304,404,50.66,155.15,14,3
305,405,100.44,277.55,34,10
306,406,142.95,67.19,18,9
307,407,289.49,125,13,2
308,408,195.09,253.65,22,4
309,409,244.34,58.88,39,8
310,410,284.31,243.94,25,9
311,411,210.99,207.11,48,9
312,412,73.27,196.7,25,9
313,413,78.67,250.37,11,9
314,414,128.78,205.07,42,6
315,415,200.03,273.75,35,1
316,416,226.48,138.12,13,9
317,417,195.24,263.31,48,4
318,418,103.19,178.33,30,10
319,419,166.83,127.63,21,10
320,420,112.77,170.54,22,10
321,421,93.17,268.51,40,10
322,422,261.59,93.52,41,10
323,423,196.26,137.22,48,6
324,424,96.85,226.76,17,7
325,425,266.64,163.12,32,9
326,426,55.88,109.63,17,5
327,427,93.74,265.55,41,9
328,428,158.15,146.33,13,8
329,429,262.45,248.38,30,1
330,430,64.83,201.11,50,1
331,431,150.6,97.64,50,5
332,432,234.55,128.71,46,4
333,433,125.73,263.88,46,2
334,434,67.27,209.22,32,8
335,435,143.51,64.49,28,6
336,436,281.71,99.77,47,3
337,437,186.8,151.54,19,3
338,438,298.35,45.67,18,1
339,439,264.56,231.59,16,9
340,440,282.69,223.25,37,4
341,441,100.08,56.26,47,5
342,442,55.66,161.13,32,1
343,443,195.46,125.65,40,5
344,444,191,154.16,22,9
345,445,182.76,121.83,31,3
346,446,287.53,67.38,35,2
347,447,65.34,63.7,35,2
348,448,222.28,40.82,28,1
349,449,239.6,85.86,33,1
350,450,284.24,215.16,41,4
351,451,260.8,182.76,39,4
352,452,265.07,182.82,28,2
353,453,198.24,93.01,11,8
354,454,97.73,135.35,28,10
355,455,221.93,205.82,21,6
356,456,201.8,214.76,25,7
357,457,289.25,279.67,48,2
358,458,88.43,169.85,42,3
359,459,103.6,133.94,12,4
360,460,71.19,270.19,12,5
361,461,169.33,162.07,49,10
362,462,82.58,135.7,37,5
363,463,93.44,180.73,18,3
364,464,142.41,60.36,34,6
365,465,125.29,155.21,26,1
366,466,215.21,59.06,27,10
367,467,85.41,266.7,48,8
368,468,93.25,93.19,20,2
369,469,180.08,93.81,41,5
370,470,223.58,155.15,33,4
371,471,177.72,187.78,14,7
372,472,119.24,195.34,24,8
373,473,137.03,88.32,33,9
374,474,82.74,105.39,33,8
375,475,220.04,183.29,16,7
376,476,193.7,74.23,19,8
377,477,213.02,210.57,41,1
378,478,79.8,164.28,48,2
379,479,72.41,46.37,20,5
380,480,85.37,147.82,31,7
381,481,187.22,238.7,35,8
382,482,98.21,82.57,47,3
383,483,237.33,125.47,42,10
384,484,135.66,268.97,46,6
385,485,65.19,230.5,19,1
386,486,193.6,132.35,10,8
387,487,96.26,166.39,13,8
388,488,198.68,97.31,34,5
389,489,274.62,260.45,47,3
390,490,140.85,231.87,19,6
391,491,158.96,169.85,17,8
392,492,101.7,171.46,37,2
393,493,283.26,98.11,46,6
394,494,245.69,164.35,32,7
395,495,82.42,194.43,26,1
396,496,173.47,120.52,45,2
397,497,246.34,56.87,34,7
398,498,186.96,96.11,34,4
399,499,245.55,188.78,15,6
400,500,169.73,200.76,30,5
401,501,204.43,159.54,30,1
402,502,244.05,63.33,46,5
403,503,115.47,130.32,14,10
404,504,138.47,187.34,30,2
405,505,239.8,103.54,48,2
406,506,246.56,248.29,10,10
407,507,51.19,148.32,18,2
408,508,99.85,48.65,14,1
409,509,127.8,247.58,31,3
410,510,283.56,68.83,33,7
411,511,235.55,57.22,20,10
412,512,218.47,183.16,15,8
413,513,77.01,80.28,14,10
414,514,184.68,95.06,31,1
415,515,57.88,41.66,17,5
416,516,98.83,240.89,28,4
417,517,203.85,122.52,26,8
418,518,227.65,47.41,33,10
419,519,161.77,217.95,31,7
420,520,118.65,243.64,21,10
421,521,136.23,239.27,29,6
422,522,228.6,55.73,35,6
423,523,95.66,82.15,22,6
424,524,290.84,163.96,13,5
425,525,66.83,52.95,33,3
426,526,66.88,121.07,16,6
427,527,221.63,65.22,43,1
428,528,51.11,62.18,24,5
429,529,152.31,286.03,35,6
430,530,109.4,234.99,44,5
431,531,268.63,48.26,11,4
432,532,238.63,81.18,23,2
433,533,61.29,149.84,19,6
434,534,105.78,255.68,26,10
435,535,266.14,73.24,19,9
436,536,147.72,260.92,15,10
437,537,266.55,120.79,33,3
438,538,79.4,104,14,9
439,539,54.65,279.16,38,7
440,540,187.24,273.46,15,2
441,541,171.55,102.18,39,4
442,542,76.21,233.25,44,5
443,543,54.01,139.79,15,4
444,544,130.04,186.13,22,3
445,545,290.29,124.76,36,5
446,546,100.25,257.26,23,6
447,547,76.9,171.65,27,10
448,548,259.12,102.98,42,8
449,549,215.01,133.99,20,2
450,550,81.61,227.85,25,9
451,551,186.76,269.97,10,8
452,552,99.85,169.71,18,4
453,553,195.85,193.41,33,2
454,554,179.77,280.3,43,10
455,555,274.24,245.03,18,6
456,556,267.13,138.37,46,8
457,557,172.47,219.2,22,3
458,558,189.94,203.39,13,2
459,559,78.62,263.15,13,8
460,560,246.04,162.32,13,7
461,561,99.93,220.94,38,3
462,562,180.97,226.04,20,1
463,563,164.14,286.13,18,9
464,564,168.14,196.87,49,10
465,565,276.94,141.07,28,7
466,566,85.85,166.92,39,3
467,567,171.59,47.8,10,9
468,568,145.56,151.68,31,10
469,569,160.64,122.38,46,8
470,570,255.08,214.05,30,2
471,571,64.23,163.94,15,5
472,572,157.13,133.54,12,9
473,573,60.88,165.01,39,5
474,574,61.34,169.11,17,10
475,575,54.62,242.88,22,8
476,576,82.91,93.94,15,5
477,577,268.02,208.21,39,2
478,578,136.62,224.19,18,5
479,579,271.34,280.08,18,5
480,580,125.76,173.79,48,3
481,581,247.74,251.43,49,4
482,582,231.77,210.22,18,6
483,583,72.88,42,16,5
484,584,138.58,267.16,43,1
485,585,187.86,199.4,45,9
486,586,146.43,268.65,10,2
487,587,279.64,173.71,46,9
488,588,286.78,109.52,48,9
489,589,63.3,164.82,34,9
490,590,224.32,164.6,36,6
491,591,223.84,248.09,42,4
492,592,281.11,232.48,17,8
493,593,169.79,122.81,41,6
494,594,246.33,166.29,23,10
495,595,206.4,96.89,41,4
496,596,201.23,61.41,48,4
497,597,248.77,46.35,31,6
498,598,240.02,172.87,47,7
499,599,111.74,178.6,16,10
500,600,294.69,190.85,32,9
501,601,58.29,159.5,44,9
502,602,298.65,190.32,15,10
503,603,134.24,66.46,44,1
504,604,280.49,81.73,49,1
505,605,256.54,116.31,25,4
506,606,85.07,74.66,31,8
507,607,295.87,97.35,20,9
508,608,176.7,287.99,32,1
509,609,276.91,61.95,14,4
510,610,94.93,187.58,11,10
511,611,87.74,73.09,49,3
512,612,92.85,213.63,44,5
513,613,170.1,177.08,11,8
514,614,103.23,52.39,37,3
515,615,130.02,44.19,49,4
516,616,113.71,66.03,28,10
517,617,84.46,250.11,32,1
518,618,234.12,276.78,42,2
519,619,80.39,124.9,24,6
520,620,181.17,221.81,42,4
521,621,108.27,122.74,45,7
522,622,147.56,150.69,45,3
523,623,102.95,208.61,18,6
524,624,122.59,257.91,18,9
525,625,184.7,204.6,46,3
526,626,221.2,179.74,12,3
527,627,216.44,40.61,41,10
528,628,62.8,201.48,35,5
529,629,197.8,217.64,30,5
530,630,252.11,277.4,35,7
531,631,298.88,204.98,37,8
532,632,293.21,252.06,39,4
533,633,92.31,72.33,33,1
534,634,218.22,53.47,30,2
535,635,211.03,82.28,30,1
536,636,161.43,243.39,25,5
537,637,117.63,97.67,33,8
538,638,122.8,111.61,37,7
539,639,279.38,88.58,13,9
540,640,231.67,88.01,45,1
541,641,186.89,217.44,48,2
542,642,50.9,119.79,39,10
543,643,236.92,283.55,23,5
544,644,152.27,194.39,35,9
545,645,50.66,137.57,30,10
546,646,126.8,248.01,12,8
547,647,149.6,277.39,48,7
548,648,230.29,237.62,12,4
549,649,217.66,259.34,45,10
550,650,247.4,152.03,42,8
551,651,147.38,61.13,38,9
552,652,183.45,212.44,18,4
553,653,210.68,114.47,49,2
554,654,105.93,174.03,28,4
555,655,265.24,49.59,33,7
556,656,204.9,157.19,31,4
557,657,74.77,227.67,24,6
558,658,59.36,181.6,32,6
559,659,104.51,162.93,11,5
560,660,142.41,182.67,50,2
561,661,299.82,147.9,35,7
562,662,140.48,106.96,37,4
563,663,297.24,72.81,12,7
564,664,66.19,219.31,17,6
565,665,94.23,278.39,28,4
566,666,208.6,229.61,29,2
567,667,244.5,142.5,29,9
568,668,126.4,98.12,12,10
569,669,122.56,131.01,10,9
570,670,83.21,79.77,30,3
571,671,284.09,201.76,49,10
572,672,178.44,262.17,13,4
573,673,214.72,97.82,27,8
574,674,79,44.24,15,4
575,675,91.24,152.62,44,9
576,676,163.02,112.75,27,9
577,677,167.79,123.77,14,5
578,678,191.17,256.08,30,5
579,679,157.72,101.45,22,8
580,680,173.58,165.33,43,9
581,681,242.28,199.48,18,9
582,682,63.82,240.8,16,4
583,683,201.23,185.7,33,10
584,684,205.39,116.46,17,3
585,685,178.76,174.5,35,8
586,686,279.68,122.36,32,7
587,687,255.79,108.21,37,3
588,688,294.13,121.17,27,5
589,689,66.08,76.36,50,8
590,690,280.45,146.65,46,6
591,691,245.94,77.09,19,4
592,692,142.88,189.65,42,7
593,693,232.18,91.03,35,2
594,694,60.64,114.42,27,10
595,695,170.8,282.94,25,2
596,696,112.42,86.22,34,7
597,697,222.62,111.8,46,6
598,698,197.18,157.59,49,7
599,699,256.72,142.89,44,5
600,700,172.97,282.46,10,5
601,701,270.26,72.23,17,5
602,702,256.21,141.66,42,4
603,703,223.56,49.73,19,8
604,704,74.49,168.05,17,5
605,705,270.25,123.85,42,1
606,706,164.1,171.18,49,7
607,707,265.58,149.58,44,9
608,708,94.85,140.66,18,3
609,709,113.7,111.21,39,8
610,710,202.59,88.9,29,8
611,711,257.98,58.49,46,3
612,712,141.76,81.49,31,1
613,713,264.25,187.65,27,10
614,714,275.49,147.15,26,9
615,715,136.85,180.16,10,6
616,716,65.79,200.31,39,9
617,717,93.78,74.83,33,2
618,718,96.81,68.96,18,10
619,719,152.37,206.32,23,10
620,720,149.13,145.94,22,9
621,721,93.94,181.08,38,10
622,722,251.88,212.35,17,10
623,723,178.81,201.07,27,7
624,724,192.97,284.78,32,6
625,725,182.89,113.92,32,10
626,726,87.1,153.98,37,7
627,727,278.58,275.38,47,5
628,728,60.7,267.49,26,3
629,729,197.07,85.02,12,10
630,730,127.12,279.3,45,7
631,731,63.02,131.33,22,8
632,732,53.05,112.63,18,2
633,733,143.07,126.8,19,6
634,734,255.11,109.19,39,3
635,735,151.14,223.26,47,10
636,736,200.23,130.61,22,4
637,737,156.01,60.54,29,3
638,738,155.46,199.96,26,7
639,739,146.79,158.83,43,5
640,740,261.11,132.81,31,4
641,741,68.35,277.37,19,6
642,742,61.56,268.6,46,9
643,743,52.18,246.74,47,4
644,744,215.37,231.9,50,4
645,745,220.65,281.74,23,5
646,746,91.4,212.77,10,10
647,747,248.59,235.66,45,2
648,748,198.18,274.5,28,9
649,749,153.62,170.42,41,10
650,750,273.83,44.77,28,8
651,751,79.47,225.81,36,4
652,752,242.88,154.72,46,4
653,753,78.92,217.76,28,3
654,754,51.57,276.88,22,8
655,755,231.79,173.31,49,1
656,756,187.65,53.73,33,2
657,757,134.79,145,13,9
658,758,137.39,161.75,50,4
659,759,293.8,279.56,42,1
660,760,214,82.6,16,1
661,761,194.59,286.06,47,3
662,762,85.39,251.12,14,4
663,763,95.16,60.29,34,7
664,764,213.01,289.87,29,3
665,765,77.94,184.98,14,7
666,766,165.73,43.5,20,8
667,767,68.54,117.18,23,2
668,768,283.95,143.69,22,10
669,769,226.34,212.63,31,7
670,770,224.85,125.83,21,4
671,771,61.01,190.01,36,1
672,772,288.92,221.11,49,9
673,773,105.6,279.04,32,1
674,774,204.04,62.65,12,2
675,775,163.11,235.77,11,9
676,776,82.88,99.87,36,5
677,777,149.2,40.89,28,7
678,778,81.48,46.2,21,3
679,779,175.07,278.95,46,4
680,780,185.94,214.52,22,6
681,781,188.14,62.73,44,7
682,782,229.62,179.57,43,10
683,783,73.49,85.22,38,7
684,784,82.15,250.4,28,2
685,785,64.66,205.5,21,10
686,786,131.51,43.52,39,1
687,787,182.28,164.2,42,2
688,788,97.63,173.65,45,10
689,789,137.42,284.04,29,4
690,790,71.13,224.02,48,4
691,791,276.7,48,32,8
692,792,209.08,63.78,14,2
693,793,164.99,174.41,22,10
694,794,298.09,237.12,45,1
695,795,119.68,56.69,43,8
696,796,292.79,190.11,43,8
697,797,162.05,43.58,40,3
698,798,265.37,253.47,41,8
699,799,159.51,72.79,16,9
700,800,223.76,208.64,22,9
701,801,73.58,200.13,23,10
702,802,227.64,137.89,44,9
703,803,98.87,97.09,41,4
704,804,140.72,41.68,37,7
705,805,226.47,243.98,29,2
706,806,56.94,89.34,10,4
707,807,268.1,64.92,21,1
708,808,197.16,176.06,25,6
709,809,296.5,176.49,21,9
710,810,147.73,89.78,45,1
711,811,290.11,272.32,20,6
712,812,299.97,73.36,39,5
713,813,56.6,179.86,12,2
714,814,278.04,58.44,48,1
715,815,223.23,47.29,18,6
716,816,167.52,275.97,22,4
717,817,142.31,221.67,43,4
718,818,286.74,110.3,48,2
719,819,180.02,215.97,17,1
720,820,255.43,100.62,48,2
721,821,245.67,131.45,25,6
722,822,100.13,149.44,31,2
723,823,222.4,66.19,18,5
724,824,75.15,213.72,25,6
725,825,247.73,210.9,16,5
726,826,108.42,284.57,46,5
727,827,151.97,159.06,50,8
728,828,196.14,220.88,16,3
729,829,141.79,205.79,28,1
730,830,173.98,97.89,23,2
731,831,160.87,190.66,27,2
732,832,130.1,266.83,31,3
733,833,178.35,86.86,15,1
734,834,157.52,55.11,48,6
735,835,281.86,77.69,49,5
736,836,128.5,160.75,45,3
737,837,186.24,115.36,17,10
738,838,98.88,141.32,40,7
739,839,203.85,90.13,13,10
740,840,86.78,54.2,38,8
741,841,225.93,109.36,33,3
742,842,225.99,115.66,46,2
743,843,206.5,169.29,26,7
744,844,95.83,263.89,50,1
745,845,67.04,139.82,35,6
746,846,121.68,127.26,25,4
747,847,237,71.47,39,1
748,848,233.39,40.57,30,1
749,849,83.63,113.32,10,8
750,850,204.52,259.72,22,7
751,851,251.47,113.25,17,5
752,852,146.85,142.35,23,5
753,853,259.21,40.19,35,8
754,854,262.78,184.46,47,1
755,855,188.23,91.42,22,9
756,856,193.81,234.82,29,9
757,857,243.31,237.07,15,3
758,858,120.07,249.97,23,9
759,859,95.64,184.52,22,10
760,860,125.41,283.58,42,3
761,861,163.74,214.82,32,2
762,862,163.19,70.06,45,2
763,863,253.09,114.9,31,6
764,864,108.53,222.34,27,6
765,865,174.56,273.86,43,5
766,866,231.02,170.98,37,2
767,867,119.49,193.21,33,3
768,868,154.27,177.36,31,6
769,869,198.26,59.01,45,3
770,870,107.21,223.31,14,5
771,871,142.09,45.64,22,4
772,872,131.2,68.69,50,3
773,873,94.1,203.77,14,1
774,874,272.5,60.62,38,3
775,875,289.34,254.46,34,9
776,876,140.82,106.15,49,10
777,877,173.86,250.01,19,10
778,878,210.37,194.05,30,7
779,879,152.5,228.9,33,10
780,880,264.26,88.55,47,6
781,881,70.72,64.01,43,6
782,882,212.07,117.87,46,5
783,883,135.77,62.26,46,4
784,884,269.17,278.37,48,2
785,885,262.27,74.71,22,1
786,886,228.11,117.79,49,5
787,887,129.84,213.06,50,1
788,888,53.29,170.36,34,7
789,889,242.66,81.44,21,8
790,890,122.01,135.7,29,9
791,891,65.64,155.5,21,7
792,892,237.86,120.41,19,6
793,893,76.76,154.87,32,8
794,894,67.07,87.05,23,7
795,895,156.17,265.23,47,1
796,896,123.8,51.96,18,5
797,897,222.92,130.46,34,2
798,898,231.24,61.42,38,1
799,899,288.34,152.12,45,2
800,900,113.15,263.38,34,1
801,901,101.28,190.94,41,1
802,902,176.96,111.54,11,8
803,903,156.51,273.33,46,6
804,904,208.14,204.25,36,10
805,905,124.49,188.64,32,8
806,906,156.66,74.81,20,9
807,907,152.74,96.15,40,5
808,908,221.4,165.51,37,6
809,909,118.74,160.43,39,5
810,910,248.12,241.28,45,3
811,911,160.32,98.86,17,1
812,912,261.06,279.55,20,9
813,913,248.64,96.69,17,6
814,914,206.06,156.17,43,9
815,915,177.52,265.61,35,10
816,916,129.88,71.57,38,3
817,917,299.86,66.22,47,8
818,918,58.23,128.85,18,2
819,919,289.99,176.94,45,1
820,920,226.94,57.69,18,8
821,921,77.27,50.28,32,5
822,922,123.26,50.8,17,6
823,923,79.87,228.62,24,6
824,924,266.66,156.57,19,8
825,925,199.63,90.88,48,3
826,926,69.62,165.21,23,3
827,927,161.71,255.17,25,7
828,928,59.61,240.05,32,1
829,929,128.87,289.97,47,9
830,930,221.72,163.34,17,2
831,931,86.18,99.32,19,6
832,932,195.61,205.09,31,3
833,933,191.01,248.88,35,4
834,934,167.4,172.94,31,1
835,935,105.44,132.08,32,9
836,936,228.75,181.98,22,4
837,937,212.73,81.68,37,8
838,938,79.95,59.36,25,2
839,939,53.79,196.06,28,5
840,940,274.56,213.96,41,6
841,941,228.83,256.51,25,2
842,942,264.15,62.54,36,4
843,943,120.52,44.81,19,5
844,944,238.95,225.08,18,3
845,945,110.46,279.47,16,10
846,946,246.54,47.1,33,8
847,947,72.82,40.7,23,6
848,948,298.49,60.69,35,5
849,949,286.43,271.93,47,3
850,950,227.66,142.79,50,10
851,951,103.79,120.25,14,2
852,952,221.89,260.19,19,6
853,953,272.41,206.86,30,9
854,954,117.86,200.21,22,2
855,955,208.97,92.75,10,1
856,956,205.5,53.06,19,8
857,957,128.29,76.57,34,10
858,958,54,185.03,11,6
859,959,126.11,106.31,42,10
860,960,243.39,191.26,17,1
861,961,299.44,176.98,10,9
862,962,105.57,226.98,14,10
863,963,281.72,252.35,33,7
864,964,188.84,187.32,49,7
865,965,297.29,285.25,50,3
866,966,58.8,278.09,10,10
867,967,196.28,222.83,48,1
868,968,254.98,146.45,32,10
869,969,287.12,183.95,46,1
870,970,199.15,55.88,38,3
871,971,271.74,113.12,13,5
872,972,292.48,242.89,46,8
873,973,121.29,45.56,12,1
874,974,276.36,262.15,17,5
875,975,90.67,142.69,38,6
876,976,262.71,54.15,16,2
877,977,51.53,148.77,47,10
878,978,59.18,43.22,41,2
879,979,259.02,184.19,17,6
880,980,141.72,191.97,41,5
881,981,56.62,124.97,37,6
882,982,158.1,234.08,16,6
883,983,76.05,246.34,33,5
884,984,181,48.78,37,2
885,985,106.56,154.26,29,2
886,986,104.26,70.33,20,10
887,987,184.51,120.81,15,10
888,988,201.42,124.34,15,2
889,989,93.84,70.76,33,9
890,990,299.78,150.6,21,7
891,991,244.72,186.6,39,6
892,992,226.27,105.97,12,9
893,993,204.67,218.77,43,4
894,994,86.74,41.25,32,2
895,995,194.39,194.95,11,7
896,996,256.51,136.95,41,7
897,997,204.48,139.27,14,7
898,998,103.69,78.87,34,6
899,999,238.9,260.38,32,1
900,1000,264.03,225.61,40,1
901,1001,186.23,147.91,44,3
902,1002,155.22,194.52,45,1
903,1003,278.27,267.94,48,5
904,1004,152.55,286.06,42,7
905,1005,150.94,180.67,35,5
906,1006,201.41,250.75,46,9
907,1007,289.77,235.61,50,8
908,1008,207.42,91.14,17,2
909,1009,152.26,57.81,47,3
910,1010,227.56,161.14,14,6
911,1011,156.32,200.04,40,8
912,1012,167.88,109.02,46,1
913,1013,265.66,83.92,49,4
914,1014,74.79,50.81,39,3
915,1015,112.71,245.63,47,3
916,1016,139.35,152.24,17,7
917,1017,185.26,285.66,39,9
918,1018,189.19,169.69,31,9
919,1019,185.7,229.09,25,5
920,1020,267.64,198.84,47,9
921,1021,63.88,280.86,23,3
922,1022,278.96,138.87,30,5
923,1023,78.67,258.45,25,9
924,1024,258.83,90.39,27,6
925,1025,182.73,68.87,49,8
926,1026,226.42,164.84,20,1
927,1027,147.86,81.14,43,8
928,1028,115.6,107.1,11,3
929,1029,223.69,174.21,29,2
930,1030,91.85,279.12,40,1
931,1031,185.91,198.66,36,1
932,1032,248,126.84,24,2
933,1033,292.77,168.57,19,2
934,1034,108.36,42.72,25,8
935,1035,133.03,228.07,49,7
936,1036,111.08,153.13,16,9
937,1037,147.95,166.19,32,1
938,1038,88.84,124.77,39,1
939,1039,53.62,111.59,27,7
940,1040,246.81,130.88,15,3
941,1041,238.18,43,33,9
942,1042,112.93,79.44,42,3
943,1043,150.06,121.65,30,8
944,1044,160.63,224.34,23,8
945,1045,177.45,273.02,46,4
946,1046,162.9,178.3,46,4
947,1047,264.21,138.51,20,8
948,1048,151,62.49,23,7
949,1049,72.95,277.5,36,9
950,1050,278.05,89.26,49,10
951,1051,265.31,217.7,50,9
952,1052,199.48,196.23,35,10
953,1053,271.7,174.63,15,3
954,1054,178.4,194.86,48,4
955,1055,278.88,160.07,50,7
956,1056,290.65,74.12,24,7
957,1057,108.17,123.29,45,3
958,1058,154.96,71.98,46,4
959,1059,155.54,107.54,38,5
960,1060,134.82,207.78,19,9
961,1061,201.01,279.69,15,8
962,1062,254.13,260.17,13,1
963,1063,297.39,92.93,22,9
964,1064,172.76,191.11,23,4
965,1065,180.71,177.42,43,8
966,1066,75.55,209.75,24,8
967,1067,119.36,223.08,34,1
968,1068,290.73,50.47,35,2
969,1069,96.28,50.94,35,3
970,1070,260.77,126.61,25,10
971,1071,110.98,190.39,11,5
972,1072,182.89,251.54,15,2
973,1073,197.19,273.76,36,4
974,1074,284.39,128.89,30,10
975,1075,273.71,125.53,34,4
976,1076,77.25,239.7,20,10
977,1077,124.45,185.52,21,6
978,1078,144.48,164.85,14,4
979,1079,65.83,109.64,42,2
980,1080,78.53,118.05,43,7
981,1081,254.05,287.71,40,2
982,1082,236.68,178.27,15,10
983,1083,203.71,78.02,13,6
984,1084,196.94,152.07,40,8
985,1085,162.77,42.35,14,3
986,1086,171.85,166.61,19,1
987,1087,252.64,105.97,27,1
988,1088,226.63,76.66,48,10
989,1089,116.88,63.41,31,6
990,1090,231.98,132.45,47,5
991,1091,244.19,69.49,24,6
992,1092,106.2,262.22,24,2
993,1093,155.06,262.4,14,10
994,1094,221.04,153.2,10,2
995,1095,163.5,49.44,31,1
996,1096,121.09,211.03,40,3
997,1097,170.61,284.25,30,8
998,1098,273.68,206.2,11,1
999,1099,257.26,124.12,50,10
1000,1100,163.53,232.22,20,4
1001,1101,208.15,190.93,20,7
1002,1102,200.88,115.73,26,8
1003,1103,225.47,266.38,48,3
1004,1104,292.63,59.71,24,5
1005,1105,126.48,69.98,33,3
1006,1106,99.35,121.22,15,1
1007,1107,129.85,138.82,38,7
1008,1108,102.79,78.34,33,5
1009,1109,222.01,226.55,11,8
1010,1110,86.57,170.4,41,8
1011,1111,203.86,263.09,50,9
1012,1112,93.17,162.33,17,7
1013,1113,153.57,74.8,24,8
1014,1114,183.53,195.68,25,8
1015,1115,65,212.08,22,7
1016,1116,234.06,209.71,47,10
1017,1117,225.72,180.79,42,5
1018,1118,219.1,84.22,48,5
1019,1119,279.78,253.12,46,6
1020,1120,202.99,109.61,20,6
1021,1121,224.2,267.66,21,1
1022,1122,298.18,59.93,49,4
1023,1123,191.49,109.83,15,1
1024,1124,296.61,137.72,26,6
1025,1125,140.96,108.36,23,5
1026,1126,140.17,249.69,28,8
1027,1127,186.87,228.71,22,5
1028,1128,256.26,58.71,16,6
1029,1129,191.54,222.76,23,9
1030,1130,73.9,203.52,46,9
1031,1131,69.33,98.97,50,7
1032,1132,56.49,279.31,38,2
1033,1133,209.78,84.46,13,9
1034,1134,155.47,142.48,34,6
1035,1135,283.05,106.59,27,9
1036,1136,233.85,50.42,42,4
1037,1137,254.93,143.56,21,2
1038,1138,123.13,65.98,37,2
1039,1139,136.92,252.76,15,6
1040,1140,211.33,259.53,41,6
1041,1141,130.91,81.12,50,4
1042,1142,213.35,286.35,29,10
1043,1143,191.45,202.59,40,3
1044,1144,229.58,86.34,28,4
1045,1145,166.52,172.11,49,6
1046,1146,82.75,161.93,46,2
1047,1147,294.52,105.26,46,4
1048,1148,158.61,231.58,29,4
1049,1149,59.62,64.34,27,4
1050,1150,104.29,207.37,32,6
1051,1151,101.58,247.97,37,3
1052,1152,294.57,68.6,29,7
1053,1153,250.89,88.96,31,6
1054,1154,156.91,287.53,15,6
1055,1155,230.49,247.56,12,1
1056,1156,224.54,77.54,38,7
1057,1157,223.45,107.32,41,6
1058,1158,98.31,238.03,41,10
1059,1159,94.61,220.56,20,5
1060,1160,107.56,118.81,35,6
1061,1161,114.66,150.18,49,3
1062,1162,137.66,175.93,14,1
1063,1163,128.38,251.64,32,1
1064,1164,107.79,181.32,31,7
1065,1165,193.91,245.68,33,5
1066,1166,279.87,40.73,46,9
1067,1167,209.92,287.91,12,6
1068,1168,202.2,266.15,26,8
1069,1169,143.71,214.78,50,1
1070,1170,242.3,65.1,22,4
1071,1171,238.5,269.93,25,2
1072,1172,128.23,192.36,45,6
1073,1173,271.4,81.81,42,6
1074,1174,141.13,97.8,40,8
1075,1175,267.38,76.81,48,3
1076,1176,68.81,177.65,47,10
1077,1177,275.37,153.47,36,10
1078,1178,70.59,80.37,50,4
1079,1179,139.03,61.57,44,8
1080,1180,94.7,169.31,27,10
1081,1181,207.24,194.77,50,10
1082,1182,126.63,140.62,39,9
1083,1183,225.24,66.52,26,5
1084,1184,176.96,67.52,27,1
1085,1185,131.62,184.09,11,3
1086,1186,131.16,272.08,27,2
1087,1187,92.59,42.34,36,9
1088,1188,280.16,243.34,36,10
1089,1189,126.15,200.03,21,8
1090,1190,188.65,283.43,32,7
1091,1191,131.87,160.4,10,7
1092,1192,178.99,153.69,35,9
1093,1193,65.24,142.02,35,1
1094,1194,185.64,67.12,41,7
1095,1195,227.25,161.95,40,10
1096,1196,265.24,159.39,24,9
1097,1197,69.29,254.68,22,8
1098,1198,188.18,225.01,31,3
1099,1199,119.38,86.1,14,6
1100,1200,179.61,123.81,43,7
1101,1201,124.56,289.82,14,4
1102,1202,70.45,195.5,26,4
1103,1203,64.39,217.32,30,9
1104,1204,163.97,72.45,45,9
1105,1205,209.58,158,10,5
1106,1206,169.18,203.64,22,9
1107,1207,85.78,148.76,17,8
1108,1208,244.61,76.69,26,1
1109,1209,93.75,93.7,17,3
1110,1210,186.28,131.77,49,7
1111,1211,216.44,263.05,10,2
1112,1212,189.05,266.33,43,10
1113,1213,250.93,168.88,37,9
1114,1214,232.47,41.51,49,3
1115,1215,126.87,163.18,47,8
1116,1216,213.95,280.75,35,2
1117,1217,171.52,280.09,42,6
1118,1218,216.1,118.01,11,9
1119,1219,220.65,241.05,20,9
1120,1220,207.59,113.93,38,8
1121,1221,179.22,184.38,29,2
1122,1222,94.53,86.53,46,2
1123,1223,151.5,249.9,39,10
1124,1224,66.52,289.78,44,3
1125,1225,229.78,222.45,28,5
1126,1226,133.68,50.66,22,7
1127,1227,221.03,96.17,17,8
1128,1228,291.5,243.13,24,8
1129,1229,201.62,229.73,19,7
1130,1230,299.36,68.6,50,7
1131,1231,153.78,196.2,41,6
1132,1232,101.09,103.06,23,1
1133,1233,56.7,142.63,48,6
1134,1234,155.62,197.06,12,8
1135,1235,220.89,178.75,30,2
1136,1236,108.37,131.46,20,10
1137,1237,130.47,262.56,40,10
1138,1238,131.11,176.28,14,5
1139,1239,202.57,144.44,37,6
1140,1240,192.66,132.71,32,2
1141,1241,134.49,283.37,22,10
1142,1242,108.71,258.9,26,3
1143,1243,282.89,239.24,10,7
1144,1244,115.53,160.32,26,1
1145,1245,116.99,154.5,50,6
1146,1246,66.75,206.67,29,5
1147,1247,118.97,232.95,14,5
1148,1248,272.07,119.38,20,1
1149,1249,238.68,60.48,32,1
1150,1250,222.81,236.01,29,8
1151,1251,107.14,267.48,45,4
1152,1252,276.25,137.36,41,2
1153,1253,191.28,272.07,17,6
1154,1254,90.72,250.17,27,7
1155,1255,147.57,273.06,16,9
1156,1256,148.08,131.41,44,3
1157,1257,293.22,245.69,49,6
1158,1258,106.12,142.25,41,8
1159,1259,139.6,52.66,31,7
1160,1260,174.12,118.05,30,4
1161,1261,107.59,256.76,41,5
1162,1262,179.55,227.86,46,1
1163,1263,93.2,83.33,22,9
1164,1264,159.9,240.38,12,5
1165,1265,221.69,58.27,17,6
1166,1266,51.54,229.53,35,2
1167,1267,114.15,256.2,41,6
1168,1268,152.8,76.97,26,4
1169,1269,94.9,274.06,32,1
1170,1270,255.72,133.7,43,10
1171,1271,124.34,272.16,26,2
1172,1272,194.75,192.26,18,4
1173,1273,80.74,48.15,49,1
1174,1274,80.66,229.93,30,2
1175,1275,70.94,153.21,44,5
1176,1276,284.14,145.65,31,3
1177,1277,254.51,286.4,18,8
1178,1278,135.16,255.3,39,6
1179,1279,209.32,173.21,16,10
1180,1280,116.38,155.94,18,9
1181,1281,299.29,192.32,38,9
1182,1282,211.24,245.58,38,7
1183,1283,257.54,112.76,14,9
1184,1284,253.7,239.97,42,4
1185,1285,205.59,159.07,19,6
1186,1286,290.22,75.44,20,7
1187,1287,283.96,162.84,30,2
1188,1288,125.78,251.63,12,8
1189,1289,157.87,227.5,24,2
1190,1290,111.23,278.12,32,4
1191,1291,144.99,186.24,26,6
1192,1292,131.9,214.53,18,6
1193,1293,226.21,123.26,14,9
1194,1294,271.14,163.67,40,2
1195,1295,238.45,101.3,46,4
1196,1296,84.53,123.79,16,9
1197,1297,66.8,54.72,47,3
1198,1298,282.61,132.75,38,1
1199,1299,63.54,283.26,26,3
1200,1300,149.94,136.45,43,4
1201,1301,171.36,288.91,41,1
1202,1302,279.19,65.65,33,9
1203,1303,232.22,243.25,33,5
1204,1304,54.02,40.9,14,5
1205,1305,253.13,160.81,12,1
1206,1306,249.37,85.12,28,2
1207,1307,261.19,237,13,3
1208,1308,232.43,86.87,12,3
1209,1309,107.36,101.6,36,1
1210,1310,281.02,275.63,11,1
1211,1311,126.54,68.11,16,9
1212,1312,53,123.8,26,2
1213,1313,88.97,272.66,12,6
1214,1314,108.89,215.71,20,2
1215,1315,92.34,189.36,46,4
1216,1316,214.64,223.75,44,2
1217,1317,148.14,141.66,16,6
1218,1318,208.65,262.19,18,10
1219,1319,107.11,183.85,42,2
1220,1320,241.06,147.53,20,6
1221,1321,167.41,289.71,37,4
1222,1322,64.83,150.34,16,1
1223,1323,158.74,226.84,31,10
1224,1324,56.67,153.5,19,5
1225,1325,198.49,167.07,45,4
1226,1326,154.96,57.49,42,3
1227,1327,195.97,276.27,44,9
1228,1328,203.13,156.04,11,2
1229,1329,242.84,283.85,13,5
1230,1330,57.59,59.36,10,10
1231,1331,194.02,79.38,26,7
1232,1332,176.7,166.77,37,4
1233,1333,208.2,97.02,31,3
1234,1334,148.57,82.64,32,2
1235,1335,118.04,212.58,36,10
1236,1336,284.29,123.16,34,4
1237,1337,207.06,261.08,21,10
1238,1338,263.3,172.34,28,5
1239,1339,183.97,157.45,38,6
1240,1340,189.08,87.75,34,8
1241,1341,166.21,65.61,37,2
1242,1342,94.12,153.04,41,10
1243,1343,155.3,77.1,18,8
1244,1344,203.2,216.7,35,3
1245,1345,113.65,246.63,41,6
1246,1346,126.18,108.69,49,8
1247,1347,250.41,112.47,23,3
1248,1348,198.31,124.38,35,3
1249,1349,200.38,273.62,21,5
1250,1350,82.25,289.49,20,7
1251,1351,195.43,61.7,13,10
1252,1352,181.01,269.85,49,3
1253,1353,219.36,277.58,14,3
1254,1354,103.63,152.66,26,4
1255,1355,144.02,257.86,28,2
1256,1356,193.99,136.48,26,7
1257,1357,291.05,110.22,31,3
1258,1358,184.65,128.75,12,1
1259,1359,130.62,164.97,10,3
1260,1360,59.25,133.04,32,6
1261,1361,99.16,110.66,26,1
1262,1362,64.79,118.49,11,7
1263,1363,194.67,183.72,48,1
1264,1364,144.45,259.13,15,7
1265,1365,206.87,241.27,44,5
1266,1366,173.37,217.96,26,7
1267,1367,228.73,115.4,12,1
1268,1368,50.4,265.24,32,8
1269,1369,138.42,128.11,49,9
1270,1370,206.61,70.34,35,5
1271,1371,90.75,245.61,37,3
1272,1372,129.15,155.24,31,2
1273,1373,251.81,270.16,11,9
1274,1374,116.42,124.23,47,10
1275,1375,293.55,155.94,27,4
1276,1376,87.5,146.81,29,5
1277,1377,174.73,185.74,32,8
1278,1378,169.14,280.03,26,10
1279,1379,168.77,150.74,33,6
1280,1380,205.04,56.95,19,5
1281,1381,282.51,207.77,37,4
1282,1382,63.05,147.01,42,6
1283,1383,169.51,59.86,23,3
1284,1384,84.59,111.67,26,1
1285,1385,199.13,98.76,22,3
1286,1386,258.78,202.29,15,8
1287,1387,88.55,206.66,19,2
1288,1388,192.03,247.32,26,6
1289,1389,240.85,90.99,40,6
1290,1390,93.98,273.86,12,4
1291,1391,276.77,185.95,17,6
1292,1392,86.1,112.2,47,1
1293,1393,123.74,280.21,28,4
1294,1394,184.64,142.73,16,6
1295,1395,161.46,65.41,24,7
1296,1396,90.3,86.24,17,3
1297,1397,277.49,122.67,27,3
1298,1398,123.03,233.26,48,8
1299,1399,87.71,174.59,36,10
1300,1400,262.7,98.2,46,5
1301,1401,214.48,270.5,32,1
1302,1402,160.58,170.55,25,7
1303,1403,262.6,256.12,16,4
1304,1404,222.83,97.03,27,6
1305,1405,116.04,98.08,19,5
1306,1406,66.03,90.61,43,8
1307,1407,186.15,238.86,25,9
1308,1408,221.99,69.65,43,6
1309,1409,279.77,90.15,31,3
1310,1410,149.61,202.19,34,10
1311,1411,187.97,192.15,45,3
1312,1412,278.75,63.13,50,8
1313,1413,176.53,220.73,28,4
1314,1414,226.48,42.26,24,10
1315,1415,291.46,161.93,48,3
1316,1416,67.9,285.21,25,10
1317,1417,148.06,252.52,43,4
1318,1418,279.14,230.62,47,9
1319,1419,166.11,239.85,50,2
1320,1420,124.64,270.04,11,8
1321,1421,287.99,244.73,17,9
1322,1422,299.88,51.79,41,4
1323,1423,290.18,183.78,19,10
1324,1424,88.38,279.86,40,7
1325,1425,97.46,55.27,48,7
1326,1426,140.78,165.62,48,5
1327,1427,92.2,158.86,25,6
1328,1428,241.92,54.77,14,6
1329,1429,214.32,139.99,48,3
1330,1430,160.81,109.3,30,7
1331,1431,175.09,239.51,18,4
1332,1432,273.45,222.9,16,1
1333,1433,105.46,271.8,30,4
1334,1434,97,66,50,6
1335,1435,215.71,194.68,15,5
1336,1436,117.06,136.44,12,7
1337,1437,126.12,255.89,12,5
1338,1438,213.34,78.7,45,4
1339,1439,232.1,118.56,10,10
1340,1440,108.03,284.45,30,10
1341,1441,282.98,79.64,42,3
1342,1442,241.74,103.48,10,4
1343,1443,90.55,177.81,34,6
1344,1444,178.19,68.81,11,2
1345,1445,135.57,118.72,17,5
1346,1446,166.36,145.01,47,6
1347,1447,240.97,266.6,10,1
1348,1448,58.3,70.05,11,7
1349,1449,209.01,251.54,39,9
1350,1450,293.5,110.36,42,1
1351,1451,216.11,282.38,16,1
1352,1452,50.63,211.31,48,6
1353,1453,258.16,123.42,38,3
1354,1454,224.15,41.61,22,8
1355,1455,261.21,62.78,18,2
1356,1456,60.09,261.65,32,2
1357,1457,128.97,197.72,45,2
1358,1458,214.88,150.75,18,5
1359,1459,162.99,82.41,18,5
1360,1460,186.5,102.58,31,6
1361,1461,218.58,110.53,30,4
1362,1462,195.62,238.93,20,4
1363,1463,184.92,184.88,13,2
1364,1464,216.73,106.03,26,1
1365,1465,153.14,68.55,21,7
1366,1466,91.76,190.19,50,6
1367,1467,125.74,198.03,11,4
1368,1468,222.07,147.35,34,8
1369,1469,236.03,266.36,35,1
1370,1470,78.16,77.15,36,9
1371,1471,279.02,184.18,20,9
1372,1472,194.67,132.09,35,9
1373,1473,172.32,250.81,35,9
1374,1474,183.22,237.15,49,1
1375,1475,55.73,214.33,41,7
1376,1476,172.99,197.03,43,9
1377,1477,178.9,280.66,30,5
1378,1478,194.77,88.72,36,9
1379,1479,167.93,221.02,19,1
1380,1480,265.41,141.45,29,2
1381,1481,187.38,206.91,29,6
1382,1482,147.7,226.44,33,8
1383,1483,103.39,98.9,42,3
1384,1484,65,80.18,20,10
1385,1485,240.53,44.12,46,5
1386,1486,128.27,278.33,20,9
1387,1487,80.49,239.65,20,8
1388,1488,255.21,164.91,13,3
1389,1489,95.82,138.65,19,2
1390,1490,67.38,143.95,10,4
1391,1491,77.42,261.81,35,2
1392,1492,106.32,78.53,32,5
1393,1493,197.33,62.07,18,9
1394,1494,147.14,237.94,29,2
1395,1495,172.8,101.68,32,1
1396,1496,187.37,208.3,11,5
1397,1497,65.95,259.56,11,2
1398,1498,148.41,160.77,20,4
1399,1499,290.84,165.36,41,6
1400,1500,109.18,93.86,27,6
1401,1501,296,92.21,21,2
1402,1502,187.65,232.18,45,1
1403,1503,296.4,124.48,25,10
1404,1504,111.48,238.67,46,4
1405,1505,158.19,47.92,27,10
1406,1506,54.71,56.65,47,6
1407,1507,235.09,198.07,49,1
1408,1508,94.68,232.68,43,5
1409,1509,119.15,201.64,34,7
1410,1510,68.59,113.52,37,10
1411,1511,85.44,52.88,38,7
1412,1512,59.71,234.69,21,2
1413,1513,236.75,101.12,46,1
1414,1514,98.85,108.99,16,9
1415,1515,155.64,101.38,24,5
1416,1516,100.87,40.57,46,5
1417,1517,56.32,246.99,12,10
1418,1518,273.87,168.87,45,7
1419,1519,291.18,151.71,44,4
1420,1520,248.28,70.98,38,10
1421,1521,239.99,68.62,21,8
1422,1522,183.75,171.99,16,2
1423,1523,66.91,54.83,38,9
1424,1524,187.33,144.27,29,9
1425,1525,99.33,102.42,23,9
1426,1526,278.8,130.02,39,9
1427,1527,153.08,286.55,46,1
1428,1528,175.43,74.53,21,6
1429,1529,225.28,271.18,27,10
1430,1530,131.2,143.65,48,4
1431,1531,90.17,281.05,22,3
1432,1532,59.54,238.94,19,9
1433,1533,192.85,166.65,41,9
1434,1534,73.39,136.4,10,3
1435,1535,297.44,100.75,48,6
1436,1536,130.95,123.16,11,7
1437,1537,140.69,277.8,28,9
1438,1538,141.85,78.9,28,3
1439,1539,175.58,250.12,33,10
1440,1540,219.21,200.74,36,1
1441,1541,270.59,45.65,27,3
1442,1542,241.74,87.08,22,8
1443,1543,237.59,178.04,41,3
1444,1544,273.44,102.15,39,5
1445,1545,185.47,176.69,48,9
1446,1546,126.32,260.51,39,5
1447,1547,208.93,274.08,34,9
1448,1548,150.85,47.44,23,7
1449,1549,50.87,139.1,22,4
1450,1550,223.96,77.98,29,5
1451,1551,56.78,262.51,15,5
1452,1552,150.37,288.97,17,9
1453,1553,221.06,272.64,26,3
1454,1554,64.55,165.61,12,7
1455,1555,243.51,87.19,21,3
1456,1556,254.17,202.38,19,9
1457,1557,167.54,232.41,30,8
1458,1558,94.93,50.77,16,9
1459,1559,90.98,196.44,35,4
1460,1560,132.4,284.47,14,6
1461,1561,157.76,276.92,23,6
1462,1562,200.18,67.05,25,5
1463,1563,232.6,185.69,27,9
1464,1564,213.54,200.45,37,4
1465,1565,83.73,107.68,11,8
1466,1566,136.4,259.71,20,8
1467,1567,84.39,185.54,48,2
1468,1568,86.88,56.2,41,4
1469,1569,211.97,171.46,24,4
1470,1570,263.34,185.72,43,2
1471,1571,243.95,164.76,37,8
1472,1572,198.92,76.69,39,4
1473,1573,74.97,206.75,39,8
1474,1574,221.6,253.27,22,4
1475,1575,86.72,83.4,10,5
1476,1576,298.92,172.74,32,2
1477,1577,125.28,136.5,31,7
1478,1578,114.45,269.14,38,10
1479,1579,93.05,270.31,29,1
1480,1580,272.93,195.28,13,3
1481,1581,289.32,40.67,10,8
1482,1582,297.35,237.39,27,8
1483,1583,170.22,47.84,11,3
1484,1584,160.31,122.1,48,10
1485,1585,110.99,244.75,24,10
1486,1586,201.49,148.48,45,6
1487,1587,80.14,94.26,13,6
1488,1588,172.83,281.33,30,9
1489,1589,287.2,147.74,10,10
1490,1590,175.81,134.43,10,9
1491,1591,288.45,53.57,23,9
1492,1592,264.07,50.32,34,4
1493,1593,98.99,50.53,42,8
1494,1594,156.13,141.01,39,3
1495,1595,187.51,271.08,20,9
1496,1596,147.76,271.68,32,5
1497,1597,169.75,163.96,22,3
1498,1598,87.8,55.37,23,10
1499,1599,239.98,128.73,21,1
1500,1600,224.45,49.25,15,3
1501,1601,151.65,244.32,40,9
1502,1602,100.44,240.74,34,3
1503,1603,298.38,83.1,45,4
1504,1604,199.79,225.23,38,3
1505,1605,209.1,112.45,18,9
1506,1606,188.75,106.5,31,8
1507,1607,273.97,279.97,12,9
1508,1608,180.88,124.11,22,7
1509,1609,140.11,215.52,28,1
1510,1610,61.35,125.47,37,5
1511,1611,193.14,285.61,13,1
1512,1612,108.8,133.72,42,8
1513,1613,114.3,218.21,13,1
1514,1614,293.85,220.28,24,3
1515,1615,51.99,238.99,37,1
1516,1616,137.48,267.72,19,8
1517,1617,251.67,40.26,15,7
1518,1618,189.85,289.04,21,9
1519,1619,271.35,79.76,38,4
1520,1620,219.64,207.9,34,8
1521,1621,168.7,144.69,43,4
1522,1622,181.08,165.38,28,7
1523,1623,103.21,226.83,49,8
1524,1624,139.21,75.95,37,6
1525,1625,235.41,171.76,38,2
1526,1626,264.21,105.88,42,3
1527,1627,78.8,270.53,13,9
1528,1628,166.06,84.2,37,1
1529,1629,176.89,83.86,15,10
1530,1630,53.21,106.11,44,6
1531,1631,67.92,200.5,46,8
1532,1632,140.15,179.75,23,4
1533,1633,148.71,231.21,32,8
1534,1634,137.68,96.69,22,9
1535,1635,271.31,95.33,28,4
1536,1636,288,163.98,12,9
1537,1637,94.58,113.34,36,1
1538,1638,145.71,226.14,44,4
1539,1639,104.37,71.21,30,8
1540,1640,298.2,161.55,39,6
1541,1641,192.84,49.04,13,9
1542,1642,81.22,171.58,11,7
1543,1643,149.09,118.59,40,10
1544,1644,147.61,95.43,17,5
1545,1645,198.78,130.32,46,10
1546,1646,207.52,218.47,37,3
1547,1647,161.95,63.03,34,5
1548,1648,160.03,219.43,30,8
1549,1649,241.33,61.62,45,10
1550,1650,265.43,227.61,20,1
1551,1651,201.47,115.91,37,1
1552,1652,198.14,176.07,19,8
1553,1653,178.84,205.23,28,7
1554,1654,172.79,149.6,46,8
1555,1655,80.84,83.18,36,3
1556,1656,249.34,174.72,38,1
1557,1657,175.5,283.19,26,5
1558,1658,197.62,277.96,47,7
1559,1659,271.81,95.83,17,6
1560,1660,282.72,156.81,22,7
1561,1661,63.92,165.81,21,8
1562,1662,131.72,104.73,41,10
1563,1663,145.4,41.49,49,2
1564,1664,225.57,130.77,50,1
1565,1665,73.11,94.25,16,9
1566,1666,107.21,279.57,24,3
1567,1667,151.42,181.26,36,1
1568,1668,121.53,272.12,34,5
1569,1669,200.18,162.02,45,6
1570,1670,247.33,214.83,40,1
1571,1671,200.62,116.17,26,10
1572,1672,208.45,245.61,12,7
1573,1673,72,101.68,35,3
1574,1674,81.96,178.36,18,10
1575,1675,173.51,224.42,21,3
1576,1676,200.55,134.5,28,2
1577,1677,165.27,46.7,27,10
1578,1678,250.14,42.06,15,2
1579,1679,68.83,192.65,42,3
1580,1680,205.47,51.58,40,9
1581,1681,264.6,88.79,17,6
1582,1682,244.17,159.36,34,10
1583,1683,194.28,248.82,29,4
1584,1684,244.96,181.27,45,6
1585,1685,135.02,76.58,23,6
1586,1686,90.1,133.82,27,5
1587,1687,217.36,102.15,26,1
1588,1688,61.23,213.12,20,3
1589,1689,254.17,131.69,33,10
1590,1690,80.07,180.02,20,1
1591,1691,208.97,47.66,30,6
1592,1692,230.63,289.88,23,7
1593,1693,58.25,276.39,16,6
1594,1694,125.12,132.1,38,4
1595,1695,93.92,282.83,25,5
1596,1696,194.72,79.88,25,6
1597,1697,211.81,46.25,14,1
1598,1698,242.67,133.56,48,8
1599,1699,198.51,49.54,43,2
1600,1700,173.41,171.19,25,8
1601,1701,80.92,284.83,22,8
1602,1702,102.65,193.6,48,6
1603,1703,146.51,208.46,48,4
1604,1704,168.55,110.21,49,1
1605,1705,79.7,172.13,19,8
1606,1706,137.49,274.1,38,3
1607,1707,134.76,88.12,43,9
1608,1708,111.72,156.52,30,1
1609,1709,269.97,113.18,47,8
1610,1710,154.26,67.85,12,1
1611,1711,79.14,119.64,37,7
1612,1712,95.98,90.77,26,3
1613,1713,254.95,131.92,21,7
1614,1714,189.44,128.63,25,8
1615,1715,65.45,90.76,13,8
1616,1716,104.55,213.13,26,1
1617,1717,238.96,42.27,37,3
1618,1718,296.75,174.31,29,4
1619,1719,274.1,64.78,17,8
1620,1720,278.66,274.86,40,4
1621,1721,261.4,228.05,13,1
1622,1722,164.22,249.98,38,5
1623,1723,75.07,173.81,30,2
1624,1724,134.58,132.42,28,6
1625,1725,82.06,261.17,31,7
1626,1726,76.76,160.05,15,10
1627,1727,72.98,116.44,32,10
1628,1728,278.71,76.54,48,10
1629,1729,150.8,284.69,10,8
1630,1730,100.43,130.95,41,9
1631,1731,89.55,234.75,26,5
1632,1732,187.84,180.48,36,9
1633,1733,211.69,149.95,31,6
1634,1734,126.94,144.87,21,6
1635,1735,59.89,266.63,23,8
1636,1736,293.05,269.98,12,4
1637,1737,238.42,115.21,50,2
1638,1738,176.79,131.57,21,4
1639,1739,70.5,90.8,50,1
1640,1740,175.78,196.34,13,5
1641,1741,231.36,203.58,27,5
1642,1742,255.46,188.72,23,3
1643,1743,240.41,127.17,22,5
1644,1744,208.47,192.6,24,8
1645,1745,122.2,88.46,33,10
1646,1746,139.05,232.42,42,9
1647,1747,212.35,173.23,18,5
1648,1748,146.14,54.25,40,4
1649,1749,286.17,236.68,38,7
1650,1750,191.58,220.27,43,4
1651,1751,131.67,138.03,33,5
1652,1752,121.44,74.54,21,2
1653,1753,70.1,73.17,49,10
1654,1754,237.15,194.34,35,3
1655,1755,165.32,183.94,33,3
1656,1756,190.12,205.46,24,4
1657,1757,278.85,149.21,45,7
1658,1758,239.26,117.85,50,8
1659,1759,185.36,49.67,42,3
1660,1760,170.69,150.21,36,7
1661,1761,190.89,88.7,13,1
1662,1762,246.23,223.59,43,1
1663,1763,157.74,108.86,39,10
1664,1764,282.25,280.58,14,8
1665,1765,57.17,271.85,46,2
1666,1766,263.33,68.5,11,8
1667,1767,198.79,126.23,29,10
1668,1768,100.12,171.04,31,1
1669,1769,202.48,199.09,34,1
1670,1770,285.11,48.57,20,9
1671,1771,83.78,197.87,29,1
1672,1772,254.84,135.99,38,2
1673,1773,147.59,43.6,28,8
1674,1774,104.73,264.6,19,2
1675,1775,288.1,262.82,20,10
1676,1776,146.16,48.97,12,6
1677,1777,254.28,88.25,45,6
1678,1778,76.69,203.86,22,1
1679,1779,142.52,163.38,32,9
1680,1780,113.24,217.08,20,4
1681,1781,133.1,50.43,28,6
1682,1782,282.55,221.86,27,9
1683,1783,278.74,167.11,39,4
1684,1784,110.85,51.51,16,7
1685,1785,198.17,128.85,49,7
1686,1786,180.84,114.91,17,2
1687,1787,161.06,42.22,35,4
1688,1788,177.1,75.37,40,6
1689,1789,65.84,113.59,25,1
1690,1790,241.55,120.74,25,1
1691,1791,65.19,181.15,36,6
1692,1792,194.27,249.97,44,7
1693,1793,93.13,209.87,18,10
1694,1794,147.2,70.3,19,9
1695,1795,257.13,131.88,48,7
1696,1796,62.42,275.21,26,1
1697,1797,99.67,197.52,45,4
1698,1798,71.45,47.68,50,10
1699,1799,284.79,234.44,50,1
1700,1800,67.75,170.64,15,9
1701,1801,236.76,235.26,50,7
1702,1802,223.64,262.75,48,5
1703,1803,200.5,272.08,12,6
1704,1804,86.32,190.69,27,5
1705,1805,114.5,207.97,14,2
1706,1806,129.92,194.93,20,9
1707,1807,125.14,119.47,47,1
1708,1808,139.53,68.31,18,9
1709,1809,295.88,243.44,14,5
1710,1810,206.33,44.35,41,3
1711,1811,249.62,139.74,22,6
1712,1812,200.91,199.13,35,9
1713,1813,152.53,52.98,27,8
1714,1814,200.6,183.12,22,10
1715,1815,84.78,206.49,16,3
1716,1816,296.12,270.87,39,1
1717,1817,103.92,63.09,40,4
1718,1818,131.22,212.49,44,4
1719,1819,223.5,56.08,48,6
1720,1820,228.37,281.24,39,9
1721,1821,220.53,99.54,33,6
1722,1822,225.06,213.28,45,7
1723,1823,206.26,192.3,50,5
1724,1824,182.56,248.17,24,2
1725,1825,247.19,43.4,15,2
1726,1826,277.02,220.63,17,1
1727,1827,177.05,130.65,25,7
1728,1828,206.78,58.85,35,6
1729,1829,91.84,205.47,27,4
1730,1830,84.26,72.53,24,10
1731,1831,213.34,222.89,20,8
1732,1832,222.21,243.74,32,5
1733,1833,175.58,71.74,31,3
1734,1834,235.74,79.96,42,3
1735,1835,161.04,240.44,24,7
1736,1836,298.7,263.51,37,1
1737,1837,121.15,125.76,17,2
1738,1838,246.81,64.95,13,5
1739,1839,276.1,287.12,50,8
1740,1840,253.53,66.95,48,4
1741,1841,186.68,155.62,49,3
1742,1842,116.59,120.1,49,4
1743,1843,106.06,121.05,10,10
1744,1844,139.54,191,26,2
1745,1845,93.81,281.99,50,5
1746,1846,67.72,250.3,42,6
1747,1847,227.56,191.48,20,1
1748,1848,181.41,78.78,15,2
1749,1849,188.43,104.72,16,7
1750,1850,87.32,227.43,31,6
1751,1851,139.45,118.45,34,7
1752,1852,199.34,43.88,39,4
1753,1853,227.29,252.68,32,4
1754,1854,129.95,186.58,14,3
1755,1855,78.02,46.68,28,9
1756,1856,298.7,83.03,21,1
1757,1857,53.59,114.8,23,7
1758,1858,67.33,256.79,44,8
1759,1859,186.21,189.62,45,5
1760,1860,284.59,147.75,41,3
1761,1861,177.61,170.11,46,4
1762,1862,52.54,157.96,30,1
1763,1863,196.56,131.13,16,9
1764,1864,288.95,181.98,23,10
1765,1865,279.5,101.96,11,5
1766,1866,223.78,194.24,43,10
1767,1867,53.16,146.78,25,8
1768,1868,223.46,257.19,46,6
1769,1869,140.66,193.32,33,6
1770,1870,184.78,141.25,11,2
1771,1871,63.86,221.05,36,9
1772,1872,125.96,189.52,41,7
1773,1873,147.13,100.72,33,6
1774,1874,191.59,174.18,10,7
1775,1875,102.64,151.2,27,8
1776,1876,86.31,128.32,48,4
1777,1877,162.23,213.03,40,10
1778,1878,247.47,266.56,29,3
1779,1879,123.56,224.14,44,9
1780,1880,89.4,190.37,13,2
1781,1881,261.19,238.56,32,6
1782,1882,229.76,173.14,44,8
1783,1883,255.17,282.9,12,4
1784,1884,78,138.09,11,6
1785,1885,235.14,103.81,12,9
1786,1886,205.81,232.75,37,9
1787,1887,161.59,277.53,15,7
1788,1888,90.49,81.53,27,7
1789,1889,203.84,61,47,10
1790,1890,56.65,100.14,46,7
1791,1891,298.7,56.79,10,9
1792,1892,244.69,233.99,17,3
1793,1893,104.32,51.21,18,4
1794,1894,235.44,55.73,43,8
1795,1895,275.51,137.46,28,10
1796,1896,278.94,44.19,33,3
1797,1897,284.23,247.03,43,8
1798,1898,142.78,181.26,45,4
1799,1899,83.14,60.26,47,5
1800,1900,56.87,213.24,47,3
1801,1901,130.6,195.42,39,10
1802,1902,218.31,110.26,25,1
1803,1903,244.05,250.56,10,1
1804,1904,168.81,149.6,23,2
1805,1905,235.83,126.12,24,3
1806,1906,112.76,97.92,39,6
1807,1907,71.57,275.03,32,3
1808,1908,135.58,44.74,47,4
1809,1909,244.09,238.26,21,3
1810,1910,220.31,266.17,20,6
1811,1911,188.86,218.13,31,9
1812,1912,65.29,161.47,30,5
1813,1913,273.77,57.47,20,4
1814,1914,120.42,83.25,21,9
1815,1915,268.66,189.77,14,8
1816,1916,148.69,87.48,12,9
1817,1917,266.3,127.87,33,5
1818,1918,167.06,88.72,32,9
1819,1919,241.46,125.16,22,8
1820,1920,197.46,44.21,21,10
1821,1921,107.27,251.9,39,1
1822,1922,151.6,67.9,47,9
1823,1923,255.66,111.18,31,9
1824,1924,151.64,121.19,10,6
1825,1925,59.63,218.54,32,2
1826,1926,228.57,73.68,39,8
1827,1927,239.47,61.25,37,3
1828,1928,259.11,121.53,10,3
1829,1929,106.62,164.59,43,3
1830,1930,257.27,191.12,18,7
1831,1931,224.55,102.42,36,10
1832,1932,170.4,228.19,49,6
1833,1933,261.17,267.52,14,7
1834,1934,91.08,222.46,23,1
1835,1935,221.02,134.29,42,3
1836,1936,155.09,211.96,43,1
1837,1937,210.79,287.17,34,10
1838,1938,255.78,129.38,22,3
1839,1939,281.61,241.67,13,8
1840,1940,96.65,189.56,50,8
1841,1941,293.75,60.06,19,6
1842,1942,253.38,273.39,23,4
1843,1943,283.44,174.9,22,7
1844,1944,138.87,265.85,36,7
1845,1945,94.77,122.4,24,1
1846,1946,194.55,175.94,42,8
1847,1947,201.27,223.62,13,2
1848,1948,249.66,201.23,46,3
1849,1949,145.59,167.83,22,3
1850,1950,250.6,68.72,42,5
1851,1951,207.92,205.96,48,6
1852,1952,98.1,136.05,49,3
1853,1953,222.29,128.05,17,7
1854,1954,227.84,203.36,49,6
1855,1955,230.92,45.12,18,6
1856,1956,249.28,89.33,30,4
1857,1957,206.02,283.49,46,10
1858,1958,172.23,172.99,49,4
1859,1959,95.75,233.45,40,2
1860,1960,67.17,193.36,16,8
1861,1961,74.29,193.63,11,10
1862,1962,91.85,237.84,43,8
1863,1963,124.45,287.96,44,1
1864,1964,113.1,122.5,24,6
1865,1965,157.11,44.01,33,9
1866,1966,223.26,133.09,35,2
1867,1967,75.07,228.62,43,3
1868,1968,136.97,82.52,22,5
1869,1969,109.77,209.55,47,5
1870,1970,224.9,71.84,42,5
1871,1971,154.75,67.52,11,6
1872,1972,134.73,55.14,47,2
1873,1973,135.78,52.74,48,3
1874,1974,210.84,102.32,41,1
1875,1975,108.37,101.68,21,4
1876,1976,65.1,289.73,10,2
1877,1977,56.86,189.58,22,7
1878,1978,90.32,45.56,32,6
1879,1979,117.94,80.66,30,5
1880,1980,116.03,140.22,14,9
1881,1981,74.76,124.59,47,1
1882,1982,91.83,255.89,50,6
1883,1983,144.03,123.99,42,2
1884,1984,238.25,55.16,19,1
1885,1985,160,40.81,12,2
1886,1986,159.83,98.11,15,5
1887,1987,104.91,258.22,15,5
1888,1988,57.78,83.42,22,2
1889,1989,226.17,226.33,48,3
1890,1990,200.26,276.57,36,2
1891,1991,215.2,176.2,15,9
1892,1992,97.78,132.16,38,6
1893,1993,232.95,148.01,45,9
1894,1994,75.53,257.42,44,10
1895,1995,135.8,112.2,40,8
1896,1996,70.18,163.88,36,5
1897,1997,111.05,252.85,39,5
1898,1998,163.76,114.47,36,3
1899,1999,271.29,123.23,42,10
1900,2000,84.25,285.89,26,7
1901,2001,246.36,190.21,35,1
1902,2002,290.43,194.58,27,5
1903,2003,278.02,246.54,25,2
1904,2004,79.86,71.97,15,2
1905,2005,95.15,203.91,12,10
1906,2006,219.72,76.14,10,5
1907,2007,194.26,155.39,38,1
1908,2008,159.91,276,13,7
1909,2009,265.84,126.01,46,4
1910,2010,280.02,181.07,21,3
1911,2011,182.12,179.9,49,4
1912,2012,269.45,156.15,14,9
1913,2013,238.02,186.24,16,10
1914,2014,290.46,271.27,18,5
1915,2015,144.52,278.27,11,1
1916,2016,176.77,167.73,23,6
1917,2017,173.27,180.03,40,7
1918,2018,94.08,279.95,23,8
1919,2019,72.72,171.36,33,5
1920,2020,273.29,268.67,32,4
1921,2021,115.04,163.13,46,10
1922,2022,296.76,96.99,33,5
1923,2023,283.91,123.79,32,8
1924,2024,190.21,239.46,18,6
1925,2025,161.69,257.64,21,8
1926,2026,206.89,140.16,11,9
1927,2027,230.29,225.94,21,7
1928,2028,116.35,117.27,42,9
1929,2029,262.65,109.35,34,10
1930,2030,131.85,76.67,27,2
1931,2031,250.53,51.62,34,9
1932,2032,266.97,151.92,41,8
1933,2033,154.17,209.78,26,4
1934,2034,271.74,213.82,47,8
1935,2035,99.09,141.81,43,8
1936,2036,149.7,122.33,44,3
1937,2037,218.76,53.43,17,8
1938,2038,266.05,157.33,49,6
1939,2039,281.73,121.46,37,1
1940,2040,157.15,101.06,45,2
1941,2041,109.56,122.23,12,1
1942,2042,282.42,60.6,42,10
1943,2043,274.55,228.69,48,4
1944,2044,248.24,236.7,18,9
1945,2045,263.36,70.52,17,4
1946,2046,51.29,137.38,41,10
1947,2047,107.61,104.91,14,8
1948,2048,255.3,173.74,36,9
1949,2049,53.96,101.84,26,5
1950,2050,123.46,84.55,36,5
1951,2051,84.07,226.9,43,10
1952,2052,200.91,284.39,43,8
1953,2053,125.42,110.31,33,8
1954,2054,222.2,46.86,23,4
1955,2055,215.54,61.67,33,9
1956,2056,63.82,211.61,27,6
1957,2057,158.43,175.94,38,1
1958,2058,134.7,205.57,24,8
1959,2059,239.79,158.46,13,2
1960,2060,70.27,84.38,36,1
1961,2061,268.83,267.31,40,10
1962,2062,258.3,264.05,38,6
1963,2063,112.88,77.05,11,9
1964,2064,274.18,221.72,38,7
1965,2065,113.19,118.85,18,1
1966,2066,170.84,243,31,4
1967,2067,262.29,83.48,33,9
1968,2068,118.6,95.22,24,4
1969,2069,276.73,136.19,31,9
1970,2070,110.91,51.69,33,7
1971,2071,178.56,222.87,31,2
1972,2072,92.01,281.12,27,3
1973,2073,278.01,135.04,37,1
1974,2074,227.58,280.86,13,7
1975,2075,179.82,100.54,37,4
1976,2076,197.13,176.82,26,10
1977,2077,268.9,187.52,33,10
1978,2078,90.55,228.59,40,3
1979,2079,236.38,245.31,30,6
1980,2080,247.63,201.45,36,1
1981,2081,61.96,262.85,10,8
1982,2082,81.32,224.48,33,9
1983,2083,240.08,128.34,47,7
1984,2084,165.48,220.56,38,3
1985,2085,202.26,59.85,50,5
1986,2086,52.89,60.88,41,6
1987,2087,235.54,260.28,45,8
1988,2088,98.14,175.74,30,3
1989,2089,65.07,274.04,12,1
1990,2090,164.88,244.69,44,7
1991,2091,290.34,85.68,43,3
1992,2092,245.91,171.8,12,2
1993,2093,218.46,209.05,32,8
1994,2094,261.96,249.29,44,10
1995,2095,191.8,272.75,47,4
1996,2096,207.55,169.01,26,5
1997,2097,101.82,140.86,13,5
1998,2098,143.48,107.98,40,4
1999,2099,70.56,216.74,14,1
